{"grid/tracks/track0047": {"chi2": [476.173639664354, 465.3663705048359], "index": [71, 72], "n": 141, "logPDF": [-241.83970925723784, -236.43607467747879]}, "grid/tracks/track0127": {"chi2": [240.54704187521364], "index": [40], "n": 106, "logPDF": [-123.93445261699158]}, "grid/tracks/track0191": {"chi2": [23.18983281659205], "index": [27], "n": 111, "logPDF": [-15.374192585105394]}, "grid/tracks/track0319": {"chi2": [267.73526946355776, 270.9201082630955], "index": [97, 98], "n": 109, "logPDF": [-137.5270057397583, -139.11942513952718]}, "grid/tracks/track0327": {"chi2": [797.6693431673191, 791.2727528413915], "index": [54, 55], "n": 166, "logPDF": [-402.7907319699462, -399.5924368069824]}, "grid/tracks/track0415": {"chi2": [21.007673407263713, 16.376370387292095], "index": [98, 99], "n": 115, "logPDF": [-14.037013109050609, -11.7213615990648]}, "grid/tracks/track0607": {"chi2": [297.7330753524377, 287.4831557049925], "index": [62, 63], "n": 120, "logPDF": [-152.53125105867164, -147.406291240763]}, "grid/tracks/track0799": {"chi2": [590.0322951420101], "index": [55], "n": 114, "logPDF": [-298.4880123054563]}, "grid/tracks/track0847": {"chi2": [448.66439214342205, 363.74221202124187, 354.3673297437048], "index": [3, 21, 22], "n": 133, "logPDF": [-229.433326775639, -185.18688270590474, -180.4994415671362]}, "grid/tracks/track1007": {"chi2": [793.4138039575146, 788.4284598088559], "index": [39, 40], "n": 135, "logPDF": [-400.17328724744397, -397.68061517311463]}, "grid/tracks/track1023": {"chi2": [834.208499179227, 824.4469649563378], "index": [69, 70], "n": 104, "logPDF": [-421.23557544696996, -416.3548083355253]}, "grid/tracks/track1031": {"chi2": [703.5784264696722, 702.2850783663839], "index": [128, 129], "n": 151, "logPDF": [-355.545103730536, -354.8984296788919]}, "grid/tracks/track1183": {"chi2": [572.9338124503744], "index": [98], "n": 116, "logPDF": [-290.15515011086416]}, "grid/tracks/track1255": {"chi2": [702.1998240640495, 697.6104407227859], "index": [61, 62], "n": 172, "logPDF": [-354.78495078675274, -352.49025911612097]}, "grid/tracks/track1311": {"chi2": [20.515866007553296, 14.409466663432903], "index": [30, 31], "n": 115, "logPDF": [-13.440299281495044, -10.387099609434847]}, "grid/tracks/track1615": {"chi2": [443.762057235541], "index": [84], "n": 132, "logPDF": [-225.63220717500306]}, "grid/tracks/track1663": {"chi2": [14.05675299611316, 38.200817421697714, 47.010332416326854], "index": [3, 25, 26], "n": 107, "logPDF": [-13.663633698741123, -22.938598645071032, -27.343356142385602]}, "grid/tracks/track1727": {"chi2": [900.7795753611497, 887.3161983276002], "index": [22, 23], "n": 112, "logPDF": [-454.1882191226579, -447.4565306058832]}, "grid/tracks/track1775": {"chi2": [200.358813536888, 197.95252718844176], "index": [47, 48], "n": 138, "logPDF": [-103.64933414355505, -102.44619096933194]}, "grid/tracks/track1887": {"chi2": [210.0309490505228], "index": [109], "n": 121, "logPDF": [-108.78020604889865]}, "grid/tracks/track1927": {"chi2": [300.05574067741554, 292.5166541198995, 297.2529227188254], "index": [49, 50, 51], "n": 153, "logPDF": [-154.22618215417825, -150.45663887542023, -152.82477317488318]}, "grid/tracks/track2047": {"chi2": [71.34186272387372, 72.99516808193458], "index": [40, 41], "n": 105, "logPDF": [-39.53032350380963, -40.356976182840064]}, "grid/tracks/track2063": {"chi2": [71.35291990597439, 75.00752100038522], "index": [45, 46], "n": 123, "logPDF": [-39.25228562274188, -41.0795861699473]}, "grid/tracks/track2143": {"chi2": [752.6166013564936], "index": [75], "n": 119, "logPDF": [-379.77372209143715]}, "grid/tracks/track2335": {"chi2": [152.47659097146882, 141.40650352816215], "index": [57, 58], "n": 114, "logPDF": [-79.52294867809755, -73.98790495644421]}, "grid/tracks/track2567": {"chi2": [481.1562623171092, 468.2169321942339, 467.8809694697365], "index": [43, 44, 45], "n": 151, "logPDF": [-244.5119732113774, -238.04230814993974, -237.87432678769105]}, "grid/tracks/track2783": {"chi2": [85.39198070639938, 86.3426984989193], "index": [115, 116], "n": 121, "logPDF": [-46.01522925621195, -46.490588152471915]}, "grid/tracks/track2927": {"chi2": [555.1559659897265, 541.9238567125932], "index": [128, 129], "n": 141, "logPDF": [-281.30342716422626, -274.6873725256596]}, "grid/tracks/track3023": {"chi2": [525.9736988861216, 522.2428563515377, 512.8923352685794, 505.1730168826246, 504.60016945072454], "index": [6, 7, 8, 9, 10], "n": 128, "logPDF": [-266.55232896273117, -264.68690769543923, -260.01164715396004, -256.15198796036157, -255.8655642444115]}, "grid/tracks/track3071": {"chi2": [4.747604380219609], "index": [30], "n": 105, "logPDF": [-6.142222553776854]}, "grid/tracks/track3263": {"chi2": [303.61067983464665, 302.6903597863668], "index": [25, 26], "n": 112, "logPDF": [-155.66092977324635, -155.20076974910643]}, "grid/tracks/track3343": {"chi2": [701.161556999507, 698.4113670167048], "index": [103, 104], "n": 126, "logPDF": [-354.37518579153686, -353.0000908001358]}, "grid/tracks/track3503": {"chi2": [308.0933589663231, 309.4067129477045], "index": [76, 77], "n": 147, "logPDF": [-157.60186025063132, -158.25853724132202]}, "grid/tracks/track3583": {"chi2": [369.5392411846901, 364.88378223438167], "index": [48, 49], "n": 105, "logPDF": [-188.94851860594383, -186.6207891307896]}, "grid/tracks/track3679": {"chi2": [19.124049502925327, 11.153017314059595], "index": [75, 76], "n": 121, "logPDF": [-13.070983610320184, -9.085467515887316]}, "grid/tracks/track3791": {"chi2": [278.179261628141, 276.2721235494835], "index": [115, 116], "n": 132, "logPDF": [-142.6644409217438, -141.71087188241506]}, "grid/tracks/track3967": {"chi2": [54.23422018577743], "index": [83], "n": 107, "logPDF": [-30.85449532798892]}, "grid/tracks/track4007": {"chi2": [710.3666888634666, 701.6298879778427, 703.5481694756407], "index": [143, 144, 145], "n": 187, "logPDF": [-359.35289150190994, -354.984491059098, -355.943631807997]}, "grid/tracks/track4063": {"chi2": [422.7391053602405, 420.550808121613], "index": [73, 74], "n": 117, "logPDF": [-215.1504417605051, -214.05629314119133]}, "grid/tracks/track4159": {"chi2": [371.1006513931089], "index": [71], "n": 108, "logPDF": [-189.10503818960686]}, "grid/tracks/track4207": {"chi2": [269.2454489069005, 266.966992143395], "index": [50, 51], "n": 138, "logPDF": [-138.7764876559256, -137.63725927417283]}, "grid/tracks/track4303": {"chi2": [880.6390078019148, 866.328254566814], "index": [44, 45], "n": 130, "logPDF": [-443.6916315291878, -436.53625491163746]}, "grid/tracks/track4479": {"chi2": [200.31195416246882], "index": [76], "n": 108, "logPDF": [-104.0352480437822]}, "grid/tracks/track4639": {"chi2": [229.6743376776682, 225.60068795340493], "index": [88, 89], "n": 113, "logPDF": [-117.91789162670877, -115.88106676457713]}, "grid/tracks/track4711": {"chi2": [770.9024878123794, 758.390258789531, 756.1185138569448], "index": [69, 70, 71], "n": 174, "logPDF": [-389.1301018018426, -382.8739872904184, -381.7381148241253]}, "grid/tracks/track4799": {"chi2": [38.328631811226636, 42.4368134199109], "index": [68, 69], "n": 113, "logPDF": [-22.95434487419895, -25.00843567854108]}, "grid/tracks/track4879": {"chi2": [374.0661222136872, 368.50348657842153], "index": [116, 117], "n": 125, "logPDF": [-190.5715206300978, -187.79020281246497]}, "grid/tracks/track5023": {"chi2": [11.106696978709289, 17.38185535349151], "index": [49, 50], "n": 115, "logPDF": [-9.172599503544639, -12.31017869093575]}, "grid/tracks/track5119": {"chi2": [760.0440758645663, 754.9404788387998], "index": [33, 34], "n": 104, "logPDF": [-383.7618849235061, -381.21008641062286]}, "grid/tracks/track5127": {"chi2": [838.8652145142984, 828.7212905383537, 830.814300290496], "index": [32, 33, 34], "n": 150, "logPDF": [-423.45676173944383, -418.3847997514715, -419.43130462754266]}, "grid/tracks/track5487": {"chi2": [646.7778354220526, 638.8784753224551], "index": [44, 45], "n": 141, "logPDF": [-326.91866358134826, -322.9689835315495]},