{"grid/tracks/track5376": {"chi2": [61.40473759648921, 61.17153212543027, 57.25141739996871, 55.581333626280205, 54.95614898156128, 54.635831257125965, 54.470559882750756, 54.41516567631306, 54.452961117304355, 54.57407864798023, 54.777369905890815, 55.05868336783019, 55.417832093456404], "index": [4, 5, 6, 7, 8, 9, 10, 11, 12, 13, 14, 15, 16], "n": 107, "logPDF": [-36.317678824019254, -34.89923658954099, -32.2499894764424, -31.223339840543886, -30.910747518184422, -30.75058865495154, -30.667952967763934, -30.640255865560313, -30.65915358605596, -30.7197123513939, -30.82135798034919, -30.96201471131888, -31.141589074131986]}}