{"grid/tracks/track0257": {"chi2": [4286.862739678186, 4294.296181310829, 4302.181641946134, 4310.454155031521, 4319.093246089907, 4328.114551100818, 4337.522345375171, 4347.406730904912, 4357.663954992225, 4368.294231480846, 4379.3187786456165, 4390.7514591533445, 4402.713012072942, 4415.020187998622], "index": [156, 157, 158, 159, 160, 161, 162, 163, 164, 165, 166, 167, 168, 169], "n": 478, "logPDF": [-2148.368381874202, -2152.0851026905234, -2156.027833008176, -2160.1640895508694, -2164.4836350800624, -2168.994287585518, -2173.698184722695, -2178.6403774875653, -2183.7689895312215, -2189.084127775532, -2194.5964013579173, -2200.3127416117813, -2206.29351807158, -2212.44710603442]}, "grid/tracks/track1379": {"chi2": [4396.431414703708, 4413.198474256096, 4431.19140381857, 4450.287520747156, 4470.580378801838, 4492.06225078678, 4514.758143189447, 4538.633456546483], "index": [66, 67, 68, 69, 70, 71, 72, 73], "n": 267, "logPDF": [-2202.8550849060935, -2211.238614682288, -2220.2350794635245, -2229.7831379278177, -2239.929566955159, -2250.6705029476298, -2262.018449148963, -2273.956105827481]}, "grid/tracks/track1889": {"chi2": [3251.7584188958995, 3326.1514299381856, 3333.605423336684, 3341.346709440015, 3349.4406872425534, 3357.9216208750167, 3366.80529259054, 3376.0966686627257, 3385.801726798718, 3395.9830171033204, 3406.5260254854825, 3417.4483510821583, 3428.7157261699235, 3440.3796748698087, 3452.4420197906384], "index": [5, 12, 13, 14, 15, 16, 17, 18, 19, 20, 21, 22, 23, 24, 25], "n": 512, "logPDF": [-1631.4102878653625, -1668.5807480720637, -1672.3077447713129, -1676.1783878229783, -1680.2253767242476, -1684.4658435404792, -1688.9076793982408, -1693.5533674343337, -1698.4058965023298, -1703.496541654631, -1708.768045845712, -1714.22920864405, -1719.8628961879326, -1725.6948705378752, -1731.72604299829]}, "grid/tracks/track2193": {"chi2": [3309.354522335267, 3321.8498979139245, 3380.1028427591837, 3386.394837181495, 3392.874763552403, 3399.5770444331497, 3406.5410578002898, 3413.8138886864026, 3421.391007176057, 3429.275580972395, 3437.46126584725, 3445.9542230941397, 3454.754378640685, 3463.8454562345755, 3473.2760009721824, 3483.026166796397, 3493.059616191947], "index": [5, 6, 13, 14, 15, 16, 17, 18, 19, 20, 21, 22, 23, 24, 25, 26, 27], "n": 581, "logPDF": [-1660.2564294261301, -1666.4937308995345, -1695.6202033221641, -1698.7662005333198, -1702.0061637187737, -1705.3573041591471, -1708.8393108427172, -1712.4757262857736, -1716.2642855306008, -1720.2065724287697, -1724.2994148661974, -1728.5458934896421, -1732.9459712629148, -1737.49151005986, -1742.2067824286635, -1747.0818653407707, -1752.0985900385458]}, "grid/tracks/track2827": {"chi2": [3756.5544857720793, 3765.2243721117165, 3774.335869304108, 3784.003512864872, 3794.048509906349, 3804.5207998877545, 3815.428825448678, 3826.8956618865923, 3838.7695198506703, 3851.0749565434303, 3863.8221820799454, 3876.6687284341324, 3890.337546045716], "index": [85, 86, 87, 88, 89, 90, 91, 92, 93, 94, 95, 96, 97], "n": 431, "logPDF": [-1884.1789948946878, -1888.5139380645064, -1893.0696866607022, -1897.903508441084, -1902.9260069618226, -1908.1621519525254, -1913.616164732987, -1919.3495829519443, -1925.2865119339833, -1931.4392302803633, -1937.8128430486208, -1944.2361162257143, -1951.0705250315061]}, "grid/tracks/track4337": {"chi2": [4536.552807223338, 4541.350145816805], "index": [5, 6], "n": 536, "logPDF": [-2274.7685966692275, -2276.4086433823004]}}