{"grid/tracks/track0359": {"chi2": [6607.430102596216, 6648.983905721043, 6691.909416440866, 6736.244001700079, 6782.407065270133, 6829.779114190868, 6878.700079438642], "index": [60, 61, 62, 63, 64, 65, 66], "n": 178, "logPDF": [-3307.8765142498846, -3328.653415812298, -3350.1161711722098, -3372.283463801816, -3395.364995586843, -3419.051020047211, -3443.511502671098]}, "grid/tracks/track0739": {"chi2": [9824.874752481095, 9858.531652746731, 9891.71341997172, 9925.623799727786, 9960.149148866412, 9995.257340027134], "index": [102, 103, 104, 105, 106, 107], "n": 260, "logPDF": [-4916.627921457564, -4933.456371590382, -4950.047255202877, -4967.00244508091, -4984.265119650223, -5001.819215230584]}, "grid/tracks/track0951": {"chi2": [6908.927948722689, 6949.536880724141, 6992.125242461688, 7035.014847720781, 7079.012077534278, 7123.133508365155, 7167.643147534902], "index": [7, 8, 9, 10, 11, 12, 13], "n": 210, "logPDF": [-3458.61539663915, -3478.919862639876, -3500.2140435086494, -3521.658846138196, -3543.6574610449447, -3565.718176460383, -3587.9729960431946]}, "grid/tracks/track0975": {"chi2": [9050.186410616805, 9116.625409321477, 9185.668275736913, 9256.403171491853, 9329.738170230867, 9405.04056791623], "index": [75, 76, 77, 78, 79, 80], "n": 129, "logPDF": [-4529.323661131666, -4562.543160484002, -4597.06459369172, -4632.43204156919, -4669.099540938697, -4706.750739781379]}, "grid/tracks/track1079": {"chi2": [8905.212135602831, 8942.849619370261, 8981.736422073755, 9021.649454097027, 9062.874458379141, 9105.372808917327, 9148.92104427456, 9193.79977575327], "index": [118, 119, 120, 121, 122, 123, 124, 125], "n": 206, "logPDF": [-4457.286440495358, -4476.105182379073, -4495.54858373082, -4515.505099742456, -4536.117601883513, -4557.366777152606, -4579.140894831223, -4601.580260570578]}, "grid/tracks/track1155": {"chi2": [7360.133843261194, 8284.837042981433, 8320.171201591342, 8356.071309609153, 8392.607852213912, 8429.999955034926, 8467.888981346545, 8506.495365724213, 8545.811918413656, 8585.768496121176, 8626.357536179681], "index": [4, 29, 30, 31, 32, 33, 34, 35, 36, 37, 38], "n": 240, "logPDF": [-3684.9553908439134, -4146.628653841009, -4164.295733145963, -4182.245787154869, -4200.514058457248, -4219.210109867755, -4238.154623023564, -4257.457815212399, -4277.11609155712, -4297.09438041088, -4317.388900440133]}, "grid/tracks/track1799": {"chi2": [8927.511003057385, 8981.94181471869, 9038.39364925922, 9097.502909947001, 9158.855177931038, 9222.342921991636], "index": [108, 109, 110, 111, 112, 113], "n": 151, "logPDF": [-4467.839625784564, -4495.055031615217, -4523.280948885482, -4552.835579229372, -4583.511713221391, -4615.25558525169]}, "grid/tracks/track2191": {"chi2": [8924.461672801996, 8993.054471534104, 9063.391307769985, 9135.331623706144, 9211.214873852583], "index": [27, 28, 29, 30, 31], "n": 128, "logPDF": [-4465.98358313875, -4500.279982504804, -4535.448400622745, -4571.418558590824, -4609.360183664044]}, "grid/tracks/track2295": {"chi2": [9302.971526035233, 9342.867865310116, 9384.075742211437, 9426.535535781188, 9470.763975530439, 9516.125761696932, 9562.959011147796, 9611.33053876918], "index": [152, 153, 154, 155, 156, 157, 158, 159], "n": 196, "logPDF": [-4655.879536476246, -4675.827706113688, -4696.431644564348, -4717.661541349224, -4739.775761223849, -4762.456654307096, -4785.8732790325275, -4810.05904284322]}, "grid/tracks/track2467": {"chi2": [7789.938942389143, 7815.146722690362, 7840.936661490628, 7867.50887777125, 7894.706789847552, 7922.494840412613, 7951.072385751536, 7980.285035842824, 8010.093034056383, 8040.648895897099, 8071.921509042171], "index": [162, 163, 164, 165, 166, 167, 168, 169, 170, 171, 172], "n": 275, "logPDF": [-3899.738923518568, -3912.3428136691773, -3925.23778306931, -3938.523891209621, -3952.122847247772, -3966.0168725303024, -3980.305645199764, -3994.911970245408, -4009.8159693521875, -4025.0939002725454, -4040.7302068450817]}, "grid/tracks/track2655": {"chi2": [9405.815792409676, 9447.427104163862, 9519.144311138936, 9593.939217167908], "index": [89, 90, 91, 92], "n": 122, "logPDF": [-4706.72872234188, -4727.534378218973, -4763.374627421088, -4800.772080435574]}, "grid/tracks/track2775": {"chi2": [9694.638827313369, 9728.654303156523, 9763.863018661676, 9799.944149598767, 9836.981097967973, 9875.238767266517, 9914.321630406197, 9954.563338512557, 9995.752903096885], "index": [140, 141, 142, 143, 144, 145, 146, 147, 148], "n": 227, "logPDF": [-4851.501046452931, -4868.508784374509, -4886.113142127085, -4904.15370759563, -4922.672181780234, -4941.801016429506, -4961.3424479993455, -4981.463302052525, -5002.05808434469]}, "grid/tracks/track2931": {"chi2": [7260.416763669625, 7260.345151701107, 7261.654115221269, 7270.891866778646, 8782.760355147035, 8809.740816813919, 8837.25687608051, 8865.295458450117, 8893.783928934075, 8922.707432327092, 8952.177203096771, 8982.177864299461, 9011.892257749687, 9042.54640203086, 9073.639652337544, 9105.200936934754, 9137.359011511595], "index": [0, 1, 2, 3, 57, 58, 59, 60, 61, 62, 63, 64, 65, 66, 67, 68, 69], "n": 295, "logPDF": [-3639.2607905236428, -3639.224984539384, -3638.5676449784773, -3641.874699433679, -4396.123454722775, -4409.613685556217, -4423.3717151895125, -4437.391006374316, -4451.635241616295, -4466.0969933128035, -4480.831878697643, -4495.832209298988, -4510.689406024101, -4526.016478164687, -4541.56310331803, -4557.343745616635, -4573.422782905055]}, "grid/tracks/track4035": {"chi2": [9025.176209454936, 9057.354267764784, 9090.208579189984, 9123.829536097772, 9158.242103614219, 9193.768425290702, 9230.150498259898, 9267.267152763252, 9303.975000104942, 9342.362686720984], "index": [151, 152, 153, 154, 155, 156, 157, 158, 159, 160], "n": 243, "logPDF": [-4517.70290221473, -4533.791931369654, -4550.219087082254, -4567.029565536148, -4584.235849294371, -4601.999010132613, -4620.190046617211, -4638.748373868888, -4657.102297539733, -4676.296140847754]}, "grid/tracks/track4335": {"chi2": [7675.356406380357, 7733.195211554486, 7793.68724557286, 7856.9229044901995, 7922.443935143945, 7990.777310853474], "index": [76, 77, 78, 79, 80, 81], "n": 137, "logPDF": [-3841.1019551838144, -3870.021357770879, -3900.267374780066, -3931.8852042387357, -3964.6457195656085, -3998.812407420373]}, "grid/tracks/track4611": {"chi2": [8633.597475538423, 8669.58286071312, 8706.231490907034, 8743.565332660792, 8781.629730603228, 8820.756259907505, 8860.676847125887, 8901.280089580374, 8942.626415583149], "index": [71, 72, 73, 74, 75, 76, 77, 78, 79], "n": 233, "logPDF": [-4320.960845050908, -4338.953537638256, -4357.277852735213, -4375.944773612092, -4394.97697258331, -4414.540237235448, -4434.50053084464, -4454.802152071883, -4475.47531507327]}, "grid/tracks/track4679": {"chi2": [8150.920824975091, 8199.471650047259, 8249.860445287119, 8301.89932237109, 8356.050422620683, 8412.085953674581], "index": [93, 94, 95, 96, 97, 98], "n": 165, "logPDF": [-4079.306246168523, -4103.581658704607, -4128.776056324537, -4154.795494866523, -4181.87104499132, -4209.888810518269]}, "grid/tracks/track4883": {"chi2": [7006.899029539976, 7027.994032160688, 7049.399633556526, 7071.225855011748, 7093.490186589944, 7116.420494792595, 7139.751117020594, 7163.497189366781, 7187.682362681982, 7212.4334924530385, 7237.735832416236, 7263.431471804631], "index": [169, 170, 171, 172, 173, 174, 175, 176, 177, 178, 179, 180], "n": 320, "logPDF": [-3508.480089893364, -3519.02759120372, -3529.730391901639, -3540.6435026292497, -3551.775668418348, -3563.240822519673, -3574.906133633673, -3586.7791698067663, -3598.871756464367, -3611.247321349895, -3623.898491331494, -3636.7463110256913]}, "grid/tracks/track5911": {"chi2": [7551.065447104483, 7583.905341645095, 7617.636695795525, 7652.556562118833, 7688.6264616867875, 7725.68537324552, 7764.073721673706, 7803.475343620669], "index": [130, 131, 132, 133, 134, 135, 136, 137], "n": 215,