{"grid/tracks/track0031": {"chi2": [291.8424599419197, 283.74132588834874, 277.10717552723617, 271.96118800036834, 268.3320292610389, 266.23754745966954, 266.3447761009398], "index": [43, 44, 45, 46, 47, 48, 49], "n": 113, "logPDF": [-149.5019087103636, -145.45134168357814, -142.13426650302185, -139.56127273958793, -137.7466933699232, -136.69945246923854, -136.75306678987366]}, "grid/tracks/track0224": {"chi2": [86.34615959860558, 81.2864132654829, 77.64973143397047, 75.4669834711763, 74.7579359310436, 75.54355720484992, 77.85968790240916], "index": [33, 34, 35, 36, 37, 38, 39], "n": 114, "logPDF": [-46.49375325680805, -43.96388009024671, -42.145539174490494, -41.05416519309341, -40.69964142302706, -41.09245205993022, -42.25051740870984]}, "grid/tracks/track0271": {"chi2": [257.38711381768576, 250.5915789129194, 245.13201490516911, 240.98867202834612, 238.20020263361596, 236.7760487650391, 236.70902736055862, 238.02154507057386], "index": [109, 110, 111, 112, 113, 114, 115, 116], "n": 125, "logPDF": [-132.3077023767953, -128.9099349244121, -126.18015292053698, -124.10848148212548, -122.7142467847604, -122.00216985047197, -121.96865914823172, -122.62491800323934]}, "grid/tracks/track0560": {"chi2": [239.80957607416687, 197.15601231864713, 190.93936118340994, 185.72250782549844, 181.53065094018183, 178.38738082268125, 176.30025087264232, 175.28807891216266, 175.37406909083714], "index": [3, 19, 20, 21, 22, 23, 24, 25, 26], "n": 130, "logPDF": [-126.31203762223946, -102.10319621310967, -98.99487064549108, -96.38644396653532, -94.29051552387702, -92.71888046512673, -91.67531549010727, -91.16922950986744, -91.21222459920467]}, "grid/tracks/track0623": {"chi2": [328.11957696928965, 322.3126446699668, 317.5631985825409, 313.86054999962903, 311.2333025900595, 309.681392317769, 309.21322780221624, 309.84138048375894], "index": [114, 115, 116, 117, 118, 119, 120, 121], "n": 140, "logPDF": [-167.92076918920273, -165.0173030395413, -162.64257999582836, -160.79125570437242, -159.47763199958766, -158.7016768634424, -158.46759460566602, -158.78167094643737]}, "grid/tracks/track0895": {"chi2": [398.38154873985656, 389.84077206639233, 383.1125678352106, 378.2343670139792, 375.2190820696564, 374.0778638098296], "index": [82, 83, 84, 85, 86, 87], "n": 108, "logPDF": [-202.7578523270227, -198.4874639902906, -195.12336187469973, -192.68426146408402, -191.17661899192262, -190.60600986200922]}, "grid/tracks/track0896": {"chi2": [34.915376799015654, 40.97529039587353, 29.273895333707053, 23.897651218207166, 19.922686371581708, 17.40053204056734, 16.3773005562959, 16.884661457837847, 18.963666594355363], "index": [3, 4, 14, 15, 16, 17, 18, 19, 20], "n": 107, "logPDF": [-24.60884204589876, -26.3641559103175, -18.47002250040893, -15.781900442658987, -13.794418019346256, -12.533340853839075, -12.021725111703354, -12.275405562474326, -13.314908130733084]}, "grid/tracks/track0991": {"chi2": [180.27076169133795, 173.3773641143964, 167.9486206875201, 164.01710155783633, 161.60260435333637, 160.72334163622335, 161.4070081804772], "index": [67, 68, 69, 70, 71, 72, 73], "n": 118, "logPDF": [-93.82925854906418, -90.38255976059341, -87.66818804715525, -85.70242848231337, -84.49517988006339, -84.05554852150688, -84.3973817936338]}, "grid/tracks/track1239": {"chi2": [351.5533087381614], "index": [221], "n": 223, "logPDF": [-181.18678908253918]}, "grid/tracks/track1344": {"chi2": [39.38484903081748, 34.72146772245443, 31.683266200965104, 30.29283477181152, 30.571187532656253, 32.53768956747739], "index": [78, 79, 80, 81, 82, 83], "n": 113, "logPDF": [-23.82166920656133, -21.489978552379807, -19.970877791635147, -19.275662077058353, -19.41483845748072, -20.39808947489129]}, "grid/tracks/track1471": {"chi2": [229.1164900850394, 222.22028792508937, 216.98441247096034, 213.46625337174316, 211.67245648888897, 211.65554132037855], "index": [57, 58, 59, 60, 61, 62], "n": 112, "logPDF": [-118.33752121130767, -114.88942013133266, -112.27148241228953, -110.51240286268094, -109.61550442125385, -109.60704683699863]}, "grid/tracks/track1664": {"chi2": [139.78045155388233, 89.70463001422426, 83.09293692425413, 77.95117289883524, 74.31086131938312, 72.1993961778834, 71.64721689124062, 72.67339363371731], "index": [2, 23, 24, 25, 26, 27, 28, 29], "n": 109, "logPDF": [-78.04600659985263, -48.763334667974505, -45.45748812298943, -42.886606110279985, -41.066450320553926, -40.01071774980407, -39.734628106482674, -40.24771647772103]}, "grid/tracks/track1951": {"chi2": [348.3736462669885, 343.4568570815054, 340.48811957613765], "index": [6, 7, 8], "n": 115, "logPDF": [-178.88797295537861, -176.42957836263707, -174.9452096099532]}, "grid/tracks/track2207": {"chi2": [292.0448698699584, 284.4787417756842, 278.5388782993698, 274.24794856862434, 271.6233254247566, 270.69618627382374, 271.49536952200776], "index": [77, 78, 79, 80, 81, 82, 83], "n": 117, "logPDF": [-149.51092055066653, -145.72785650352944, -142.75792476537222, -140.6124598999995, -139.30014832806563, -138.8365787525992, -139.2361703766912]}, "grid/tracks/track2240": {"chi2": [10.993131748348954, 6.3546045389789905, 6.925375121393684, 9.326027987812783], "index": [6, 7, 8, 9], "n": 111, "logPDF": [-9.156183115351794, -6.666774240673519, -6.952159531880865, -8.152485965090413]}, "grid/tracks/track2416": {"chi2": [141.87335432009309, 87.97647886887225, 82.32180274989058, 77.68300911768347, 74.078384546908, 71.5295481959043, 70.03724236917492, 69.63089177131931, 70.31814833333338, 72.11345122616514], "index": [2, 31, 32, 33, 34, 35, 36, 37, 38, 39], "n": 128, "logPDF": [-79.01460202754566, -48.074352948971, -45.24701488948016, -42.92761807337661, -41.12530578798887, -39.85088761248702, -39.10473469912233, -38.90155940019453, -39.245187681201564, -40.14283912761744]}, "grid/tracks/track2447": {"chi2": [384.1117234922806, 376.6750085801502, 370.96170702840413, 366.4248765269166, 363.0881905272118, 360.95456068846, 360.04677890196314], "index": [39, 40, 41, 42, 43, 44, 45], "n": 127, "logPDF": [-195.67187207445787, -191.95351461839266, -189.09686384251964, -186.82844859177587, -185.16010559192347, -184.09329067254757, -183.63939977929914]}, "grid/tracks/track2639": {"chi2": [245.32459347124052, 239.29545117846766, 234.40308991567457, 230.66712833030377, 228.08805545460666, 226.7021204554141, 226.51619219439425, 227.5448347615793], "index": [59, 60, 61, 62, 63, 64, 65, 66], "n": 133, "logPDF": [-126.50656571591881, -123.49199456953238, -121.04581393813584, -119.17783314545044, -117.88829670760188, -117.1953292080056, -117.10236507749568, -117.6166863610882]}, "grid/tracks/track2816": {"chi2": [74.50076161324563, 68.79459580907644, 67.1782659977016, 64.02462680375365, 60.989537293634626, 58.82335216596889, 57.84412292644863, 58.20637135017766, 59.992557884700126], "index": [5, 6, 7, 8, 9, 10, 11, 12, 13], "n": 106, "logPDF": [-41.924250576493506, -38.502955013278466, -37.57635851223346, -35.999538915259485, -34.481994161210075, -33.398901597377204, -32.90928697660697, -33.09041118847149, -33.98350445573272]}, "grid/tracks/track2976": {"chi2": [280.77255426722104, 189.66305556051756, 183.64663323021824, 178.83901112145344, 175.25340865548856, 172.91692968544604, 171.84581707808408, 172.06320869747657], "index": [2, 30, 31, 32, 33, 34, 35, 36], "n": 121, "logPDF": [-147.91231226117455, -98.48506786792741, -95.47685670277775, -93.07304564839535, -91.28024441541291, -90.11200493039165, -89.57644862671067, -89.68514443640692]}, "grid/tracks/track3215": {"chi2": [420.3782624009199, 412.9616946963039, 406.87509491075974, 402.1128807017385, 398.68971085454365, 396.63970720629777, 395.9547209032137, 396.6497762200837], "index": [93, 94, 95, 96, 97, 98, 99, 100], "n": 127, "logPDF": [-214.00177607979307, -210.29349222748507, -207.250192334713, -204.8690852302024, -203.15750030660496, -202.13249848248202, -201.79000533093998, -202.137532989375]},