{"grid/tracks/track0224": {"chi2": [12.054556739744536, 7.826580199857812, 4.994339285210142, 3.5791843763865288, 3.60285880618677, 5.087116737119433, 8.051409194506292], "index": [67, 68, 69, 70, 71, 72, 73], "n": 114, "logPDF": [-9.347951827377528, -7.233963557434166, -5.817843100110331, -5.110265645698524, -5.122102860598645, -5.864231826064977, -7.346378054758405]}, "grid/tracks/track0316": {"chi2": [5.050732525332461], "index": [223], "n": 224, "logPDF": [-7.699665914621654]}, "grid/tracks/track0392": {"chi2": [10.21881926874693], "index": [201], "n": 205, "logPDF": [-10.058073091062878]}, "grid/tracks/track0560": {"chi2": [12.734065444556377, 9.408935601394285, 7.1159631100260174, 5.869859077151154, 5.685868165892959, 6.578384142680951, 8.563540537202224, 11.653369417631984], "index": [60, 61, 62, 63, 64, 65, 66, 67], "n": 130, "logPDF": [-9.89222277606429, -8.229657854483246, -7.083171608799112, -6.46011959236168, -6.3681241367325825, -6.814382125126579, -7.806960316137214, -9.351874756352094]}, "grid/tracks/track0896": {"chi2": [10.042274105071915, 5.735091359976704, 2.9231506528483537, 1.6335573015116713, 1.8930012281509991, 3.729142636104604, 7.170511098654637], "index": [48, 49, 50, 51, 52, 53, 54], "n": 107, "logPDF": [-8.85421188609136, -6.700620513543756, -5.2946501599795806, -4.6498534843112385, -4.7795754476309025, -5.697646151607705, -7.418330382882722]}, "grid/tracks/track0991": {"chi2": [12.924679501887711, 9.18341698030775, 6.779490421961977, 5.723555197573109, 6.024671369223111, 7.694156460610479, 10.743047836659848], "index": [102, 103, 104, 105, 106, 107, 108], "n": 118, "logPDF": [-10.156217454339059, -8.28558619354908, -7.083622914376192, -6.555655302181758, -6.706213388006759, -7.540955933700443, -9.065401621725126]}, "grid/tracks/track1264": {"chi2": [6.865550283717262, 11.155203960018515, 7.8634517457390825, 5.501552270054823, 4.085545518313116, 3.629401403010312, 4.1479999374165395, 5.6568138588726224, 8.166034713200249, 11.695763635043647], "index": [2, 26, 27, 28, 29, 30, 31, 32, 33, 34], "n": 125, "logPDF": [-10.953929966901391, -9.056928225152726, -7.41105211801301, -6.23010238017088, -5.522099004300026, -5.294026946648625, -5.553326213851738, -6.30773317457978, -7.562343601743593, -9.327208062665292]}, "grid/tracks/track1344": {"chi2": [10.547538529552398, 6.460903922382183], "index": [111, 112], "n": 113, "logPDF": [-9.403013955928792, -7.359696652343685]}, "grid/tracks/track1504": {"chi2": [3.787352088673458, 4.576628779612078, 11.409242572415662, 9.742825570548893, 6.536506102126108, 4.2867077491932175, 3.0451431311497457, 2.8483198838409063, 3.7265144045733334, 5.704728521633171, 8.80646883451846], "index": [3, 4, 5, 12, 13, 14, 15, 16, 17, 18, 19], "n": 115, "logPDF": [-8.684670915980883, -7.804988208892894, -9.96705948990267, -8.419476084975368, -6.816316350763975, -5.69141717429753, -5.070634865275794, -4.972223241621374, -5.411320501987587, -6.400427560517507, -7.951297716960151]}, "grid/tracks/track1568": {"chi2": [2.5237499792389206, 7.61144832762113, 9.672324147940948, 5.901461962006419, 3.1849288412495964, 1.5386561351471884, 0.9797297932223188, 1.5239533860048815, 3.188121954963932, 5.990382807549427], "index": [0, 1, 38, 39, 40, 41, 42, 43, 44, 45], "n": 119, "logPDF": [-9.654690940519536, -12.19854011471064, -8.212932122638303, -6.32750102967104, -4.969234469292628, -4.146098116241425, -3.8666349452789897, -4.138746741670271, -4.9708310261497965, -6.371961452442544]}, "grid/tracks/track1664": {"chi2": [10.102134314081095, 6.293518842870028, 3.9892313806714004, 3.205606730433192, 3.9684047458326517, 6.295189059697545, 10.223914121890644], "index": [57, 58, 59, 60, 61, 62, 63], "n": 109, "logPDF": [-8.962086810130895, -7.057779082297383, -5.905635351198069, -5.513823026078965, -5.895222033778695, -7.0586141907111415, -9.02297672180769]}, "grid/tracks/track1792": {"chi2": [5.606982703787827, 8.511060442267787, 4.484950487218489, 1.8715374820341175, 0.6974579854578427, 0.987320162386192, 2.770330069255853, 6.073946854727826], "index": [1, 30, 31, 32, 33, 34, 35, 36], "n": 107, "logPDF": [-11.629284621428202, -8.019612183202344, -6.006557205677696, -4.69985070308551, -4.112810954797373, -4.257742043261548, -5.1492469966963785, -6.801055389432364]}, "grid/tracks/track1936": {"chi2": [13.743824576096557, 8.986071013818588, 9.071447296857691, 10.407603787116237, 12.594765260535851], "index": [5, 6, 7, 8, 9], "n": 139, "logPDF": [-10.941775039923764, -8.312596621297974, -8.355284762817526, -9.023363007946799, -10.116943744656606]}, "grid/tracks/track2144": {"chi2": [14.045579448990175, 12.68079252350589, 6.081518270112461, 8.55344944293725, 8.382474855553802, 7.0718657149023105, 5.991403223083697, 5.605378639637763, 6.100976627740779, 7.569158115718846, 10.062979050691371, 13.626908853588397], "index": [3, 4, 5, 6, 7, 8, 9, 10, 11, 12, 13, 14], "n": 115, "logPDF": [-13.795273959884407, -11.808174274221383, -7.463042145320939, -8.298676176917908, -8.182710767150109, -7.527406196824364, -6.987174951191301, -6.794162659468334, -7.0419616532435985, -7.776052397232632, -9.022962864718895, -10.804927766167406]}, "grid/tracks/track2240": {"chi2": [4.231844384127541, 8.967135613038629, 5.0060133222401655, 2.3383243274776557, 0.9849077042448978, 0.9694542463042672, 2.3141086021272694, 5.042638583684353, 9.177073271042339], "index": [0, 39, 40, 41, 42, 43, 44, 45, 46], "n": 111, "logPDF": [-10.67311112165254, -7.973039777703337, -5.992478632304106, -4.658634134922851, -3.981925823306472, -3.9741990943361567, -4.646526272247658, -6.010791263026199, -8.078008606705193]}, "grid/tracks/track2416": {"chi2": [8.659839967817886, 5.828067300814407, 3.9988198541154376, 3.187333224466384, 3.4024618142576886, 4.655717334287392, 6.957226005763428, 10.320563256127524], "index": [73, 74, 75, 76, 77, 78, 79, 80], "n": 128, "logPDF": [-8.416033498443813, -7.000147164942074, -6.085523441592589, -5.679780126768063, -5.787344421663715, -6.413972181678567, -7.5647265174165845, -9.246395142598633]}, "grid/tracks/track2528": {"chi2": [0.778000889583649, 0.6790281621654815, 7.032593010474876, 9.60471866278756, 6.544911364558036, 3.87943435551506, 1.864511167032306, 0.7171876708701097, 0.5495133853045546, 1.4279564521483616, 3.395697666944672, 6.486091919043251], "index": [4, 5, 6, 8, 9, 10, 11, 12, 13, 14, 15, 16], "n": 115, "logPDF": [-6.299766718730302, -4.940818241385608, -7.413248835979937, -8.499268258692265, -6.969364609577504, -5.63662610532924, -4.629164511087863, -4.055502762733541, -3.971665619950763, -4.410887153372666, -5.394757760770822, -6.939954886820111]}, "grid/tracks/track2576": {"chi2": [6.6047432849894205, 5.615854821393607, 6.446475199203902, 8.173452210542475, 10.688207710105301], "index": [6, 7, 8, 9, 10], "n": 137, "logPDF": [-7.164381528027803, -6.618983006008289, -7.034293194913436, -7.897781700582723, -9.155159450035189]}, "grid/tracks/track2816": {"chi2": [8.354053332953658, 4.996088012118339, 3.0540506633760045, 2.547757619856401, 3.503043541977899, 5.939294480614581, 9.891735252934552], "index": [42, 43, 44, 45, 46, 47, 48], "n": 106, "logPDF": [-8.164252179859488, -6.48526951944183, -5.514250845070663, -5.261104323310861, -5.73874728437161, -6.956872753689951, -8.933093139849937]}, "grid/tracks/track2976": {"chi2": [14.5847537956766, 10.546501246155621, 7.684104756656588, 6.014032711475618, 5.552097609306563, 6.312202377652219, 8.310924863599777, 11.563064607924087], "index": [67, 68, 69, 70, 71, 72, 73, 74], "n": 121, "logPDF": [-10.945916985506926, -8.926790710746438, -7.495592465996921, -6.660556443406437, -6.4295888923219096, -6.809641276494737, -7.809002519468516, -9.435072391630671]}, "grid/tracks/track3424": {"chi2": [9.893013179007815, 5.9967602114449985, 3.3801528159479544, 2.0590598660205695, 2.055319456797172, 3.3898402213150076, 6.082749906673692, 10.155022277457732], "index": [60, 61, 62, 63, 64, 65, 66, 67], "n": 118,