{"grid/tracks/track0146": {"chi2": [246.04013310001895, 246.19089534343397, 246.4326172259313, 247.32587647773056, 250.6429865498049, 262.98287505041077, 303.72363583020643, 357.6074876236236, 417.12023447632157, 482.5317670273007, 554.1675786797009], "index": [0, 1, 2, 3, 4, 5, 6, 7, 8, 9, 10], "n": 182, "logPDF": [-134.0470103294326, -134.1223914511401, -133.17951014214333, -132.31431844589187, -132.66105215795838, -137.64612444822677, -157.50355660559035, -184.3583738556669, -214.11474728201588, -246.82051355776056, -282.63841938396064]}, "grid/tracks/track0578": {"chi2": [391.57536044747354, 391.7926042433426, 392.13626252267073, 393.3943361330684, 398.09316212870084, 416.1075988998889, 475.7890518434818, 554.1651210711426], "index": [0, 1, 2, 3, 4, 5, 6, 7], "n": 170, "logPDF": [-206.86380770109832, -206.97242959903286, -206.0805164949634, -205.3977319774713, -206.43532364996594, -214.25767007674594, -243.5854483166079, -282.6863742839767]}, "grid/tracks/track0885": {"chi2": [5.9222494691629235, 5.937389666083035, 5.965185562214993, 6.077464077210891, 6.488039396028762, 7.693913785718037, 13.025805042100952, 23.294250758956785, 37.86761745368575, 56.99452806252285, 80.82342717332142, 109.73970130485488, 144.06878903215292, 183.83753966527988, 229.3348147643061, 280.8104195128583, 338.40870680184497, 402.5743993274326, 473.6963075845879, 551.6697648842504], "index": [0, 1, 2, 3, 4, 5, 6, 7, 8, 9, 10, 11, 12, 13, 14, 15, 16, 17, 18, 19], "n": 197, "logPDF": [-14.96572377102971, -14.973293869489765, -13.923449611886738, -12.667767545073492, -11.561233880844934, -10.979299116173898, -13.132296513276513, -18.179410725431087, -25.46609407147382, -35.02954937589237, -46.94399893129165, -61.40213599705838, -78.56667986070741, -98.45105517727089, -121.19969272678398, -146.93749510106008, -175.73663874555342, -207.81948500834724, -243.38043913692488, -282.36716778675617]}, "grid/tracks/track1514": {"chi2": [466.82199294521354], "index": [8], "n": 191, "logPDF": [-239.25847749849746]}, "grid/tracks/track1578": {"chi2": [130.3788191777062, 130.4624136014398, 130.59251273590507, 131.06386358349502, 132.8244257017222, 139.91719039914668, 163.86121931672113, 195.38317476443643, 230.2635564171103, 268.4068322719466, 310.2248490639224], "index": [0, 1, 2, 3, 4, 5, 6, 7, 8, 9, 10], "n": 200, "logPDF": [-76.87745542001221, -76.91925263187903, -75.92055993649309, -74.8444140341719, -74.41287377308602, -76.77438416264206, -88.23345038870532, -103.9073194673387, -121.34751029233566, -140.4191482200218, -161.32815661600972]}, "grid/tracks/track2250": {"chi2": [214.43118583847644, 214.6864046368695, 215.09636593116718, 216.62356626040997, 222.3017414271284, 243.4458378182547, 317.01924333356607, 422.0620478373251, 547.0653823692547], "index": [0, 1, 2, 3, 4, 5, 6, 7, 8], "n": 187, "logPDF": [-118.59675449694623, -118.72436389614276, -117.86560232461107, -117.31738116922861, -118.84464742880293, -128.2318236650488, -164.50557819046213, -216.93987179535404, -279.4415390626436]}, "grid/tracks/track2426": {"chi2": [374.53143745134685, 374.688515838951, 374.9385215474146, 375.85892896285776, 379.2761023996658, 392.14710396247347, 434.1204330149661, 488.05265887774715, 546.1050019400965], "index": [0, 1, 2, 3, 4, 5, 6, 7, 8], "n": 192, "logPDF": [-198.43142425345863, -198.5099634472607, -197.57122411663718, -196.7196064906638, -197.11637188171318, -202.36700070501175, -222.84071699884964, -249.7197212839074, -278.7458928137906]}, "grid/tracks/track2522": {"chi2": [202.95053503793616, 203.2343711089483, 203.6882134849168, 205.3744264151401, 211.65457382544838, 235.42210926026786, 319.53462443596095, 442.2140931573281], "index": [0, 1, 2, 3, 4, 5, 6, 7], "n": 186, "logPDF": [-112.63529806151813, -112.7772160970242, -111.94039504480423, -111.47168017433148, -113.29993255699924, -123.99882831463682, -165.5421376697938, -226.7947633835264]}, "grid/tracks/track3346": {"chi2": [103.18740262079669, 103.2900270128623, 103.44849846951166, 104.02273223050113, 106.18355198557428, 115.03559273851499, 145.64196549889795, 187.85467303364948], "index": [0, 1, 2, 3, 4, 5, 6, 7], "n": 185, "logPDF": [-62.82552489287928, -62.87683708891208, -61.89233052102588, -60.867626084920545, -60.636214642193586, -63.87736305990805, -78.6676012080919, -99.68684632758041]}, "grid/tracks/track3477": {"chi2": [35.07911424937429, 35.171292761731976, 35.3232740517749, 35.89957677858655, 38.04369847550348, 45.89094152055319, 76.71159778741432, 128.24514942476142, 197.13329098911757, 284.4527076194235, 391.7525124397632, 520.8444700163236], "index": [0, 1, 2, 3, 4, 5, 6, 7, 8, 9, 10, 11], "n": 195, "logPDF": [-28.861639364659887, -28.907728620838732, -27.919976992396666, -26.896307031216843, -26.656546560194236, -29.39529612341345, -44.29267602415238, -69.97234319649436, -104.41641397893962, -148.07612229409258, -201.72602470426244, -266.27200349254264]}, "grid/tracks/track3698": {"chi2": [329.33992964352916, 329.57455560933494, 329.94550058535935, 331.3134842061488, 336.4034321230056, 355.826116208507, 421.1237822841437, 508.6557724093024], "index": [0, 1, 2, 3, 4, 5, 6, 7], "n": 180, "logPDF": [-175.83102605316665, -175.94833903606954, -175.0700692927688, -174.44223978674472, -175.6753924209527, -184.20186250428213, -216.33774730987344, -260.01663372507255]}, "grid/tracks/track4266": {"chi2": [467.7735130136584, 469.134131691719, 471.2950785997814, 479.336470833074, 509.762892749504], "index": [0, 1, 2, 3, 4], "n": 191, "logPDF": [-245.0190223542153, -245.69933169324563, -245.716062919841, -248.42493770291955, -262.32632733963004]}}