{"grid/tracks/track0146": {"chi2": [291.38212397216034, 291.5232018939252, 291.7480297239227, 292.5750598333053, 295.64998248363645, 307.2332667460519, 345.1721612560682, 394.5045090398788], "index": [0, 1, 2, 3, 4, 5, 6, 7], "n": 182, "logPDF": [-156.71800576550328, -156.7885447263857, -155.837216391139, -154.93891012367925, -155.16455012487415, -159.77132029604735, -178.22781931852123, -202.8068845637945]}, "grid/tracks/track0666": {"chi2": [126.49943117548472, 126.66210239833941, 126.91782170824858, 127.85748858978504, 131.3762721173112], "index": [0, 1, 2, 3, 4], "n": 193, "logPDF": [-74.31810023795296, -74.39943584938031, -73.46355327916201, -72.62156539584548, -73.06913583514053]}, "grid/tracks/track0885": {"chi2": [23.560970850749918, 23.599307646230233, 23.66052476423608, 23.886503577479438, 24.73344269598423, 27.9814630002691, 39.51273750500538, 56.256709938351506, 76.30715064971716, 99.84945773411013, 126.96506714602818, 158.11624709303211, 193.28303209472367, 232.60820727690736, 276.295367236028, 324.53366092096076, 377.4154315455387], "index": [0, 1, 2, 3, 4, 5, 6, 7, 8, 9, 10, 11, 12, 13, 14, 15, 16], "n": 197, "logPDF": [-23.785084461823207, -23.804252859563363, -22.771119212897283, -21.572287295207765, -20.68393553082267, -21.12307372344943, -26.37576274472873, -34.66064031512845, -44.68586066948952, -56.45701421168601, -70.01481891764503, -85.590408891147, -103.17380139199278, -122.83638898308462, -144.67996896264495, -168.7991158051113, -195.24000111740028]}, "grid/tracks/track1514": {"chi2": [184.32485233116333, 184.55209202612468, 184.91595678385264, 186.26302205955366, 191.2771770968103, 210.3239487847156, 276.79170722270595, 371.9554021792419], "index": [0, 1, 2, 3, 4, 5, 6, 7], "n": 191, "logPDF": [-103.48222087475112, -103.5958407222318, -102.71403090432324, -102.07574221915313, -103.27099841254118, -111.60951229698809, -144.33044328358338, -191.82518211684445]}, "grid/tracks/track1578": {"chi2": [177.58423520252398, 177.6701761218164, 177.8059926194853, 178.3038813374551, 180.15392528119628, 187.27455012110704, 210.7786097870131, 241.14220973988202, 274.08591864027574, 309.5489349275565, 347.8038030086187, 388.9075543606491], "index": [0, 1, 2, 3, 4, 5, 6, 7, 8, 9, 10, 11], "n": 200, "logPDF": [-100.48016343242111, -100.52313389206734, -99.5272998782832, -98.46442291115194, -98.07762356282306, -100.45306402362226, -111.6921456238513, -126.78683695506149, -143.2586914039184, -160.99019954782676, -180.11763358835785, -200.66950926437306]}, "grid/tracks/track2250": {"chi2": [257.21967637590564, 257.46398144174253, 257.85255563399284, 259.2902416357403, 264.6431531842554, 284.923769665583, 354.2194898496964], "index": [0, 1, 2, 3, 4, 5, 6], "n": 187, "logPDF": [-139.99099976566083, -140.11315229857928, -139.2436971760239, -138.65071885689377, -140.01535330736644, -148.97078958871296, -183.1057014485273]}, "grid/tracks/track2426": {"chi2": [410.0615725088707, 410.20297978264625, 410.4277005611901, 411.2539944493545], "index": [0, 1, 2, 3], "n": 192, "logPDF": [-216.19649178222056, -216.26719541910833, -215.31581362352492, -214.41713923391217]}, "grid/tracks/track2522": {"chi2": [249.20179084437066, 249.47459027427942, 249.9082000805876, 251.51201934162924, 257.4854551824592, 280.248772180973, 359.00084495365604], "index": [0, 1, 2, 3, 4, 5, 6], "n": 186, "logPDF": [-135.76092596473538, -135.89732567968977, -135.05038834263962, -134.54047663757606, -136.21537323550464, -146.4121597749894, -185.27524792864133]}, "grid/tracks/track2826": {"chi2": [92.65243360137117, 92.77203917731856, 92.9656828827206, 93.68673186554962, 96.36207605379003, 106.2714279129061, 141.18387913820342, 191.92891732739304, 252.90557022942994, 324.55731389848876, 407.7638663477575], "index": [0, 1, 2, 3, 4, 5, 6, 7, 8, 9, 10], "n": 190, "logPDF": [-57.87977459270316, -57.93957738067685, -56.97265695411079, -56.02136012271841, -56.04721089392015, -59.817014864296425, -76.76029224511542, -102.04570269184464, -132.53402914365375, -168.35990097818316, -209.96317720281755]}, "grid/tracks/track3346": {"chi2": [148.81450644571316, 148.92324401044885, 149.09435017921675, 149.72206183379856, 152.06271736067035, 161.14611747372152, 191.61526123277395, 232.40939695627347, 278.1855379107983, 329.1079216540628, 385.4003949534581], "index": [0, 1, 2, 3, 4, 5, 6, 7, 8, 9, 10], "n": 185, "logPDF": [-85.63907680533751, -85.69344558770536, -84.71525637587843, -83.71729088656926, -83.57579732974162, -86.93262542751131, -101.6542490750299, -121.96420828889241, -144.85227876691903, -170.31347063855128, -198.45970728824892]}, "grid/tracks/track3477": {"chi2": [67.60645188774919, 67.72699246524977, 67.91914074463197, 68.63143405819962, 71.29210521927342, 81.5458175880072, 118.64183830059882, 174.46913014165918, 243.39319490370815, 326.4219126973421], "index": [0, 1, 2, 3, 4, 5, 6, 7, 8, 9], "n": 195, "logPDF": [-45.12530818384734, -45.185578472597626, -44.217910338825206, -43.262235671023376, -43.2807499320792, -47.22273415714045, -65.25779628074463, -93.08433355494324, -127.5463659362349, -169.0607248330519]}, "grid/tracks/track3698": {"chi2": [368.99680780982646, 369.2106575857909, 369.5493439857703, 370.7996502109831, 375.44424276854863, 393.02767477177633], "index": [0, 1, 2, 3, 4, 5], "n": 180, "logPDF": [-195.6594651363153, -195.76639002429752, -194.87199099297428, -194.18532278916186, -195.19579774372423, -202.80264178591682]}, "grid/tracks/track4181": {"chi2": [123.78196588021314, 124.11699921505387, 124.65281908492122, 126.64653446661353, 134.13433606816486, 163.82517302882334, 280.22462952299173], "index": [0, 1, 2, 3, 4, 5, 6], "n": 191, "logPDF": [-73.13504141064982, -73.30255807807019, -72.50672575912984, -72.19176210615558, -74.62384158659023, -88.28438810796528, -145.97116812349674]}, "grid/tracks/track4306": {"chi2": [204.41863027314884, 204.5524083593458, 204.76283714257522, 205.53682788203528, 208.42191941722683, 219.57263939229802, 256.79041309670424, 306.36953857299443, 361.3839232631456], "index": [0, 1, 2, 3, 4, 5, 6, 7, 8], "n": 183, "logPDF": [-113.44551505057699, -113.51240409367547, -112.55387624546609, -111.62905028593013, -111.7597747329925, -116.15026276215875, -134.2462013817972, -158.9486554723197, -186.45584781867453]}, "grid/tracks/track5834": {"chi2": [152.50139729759326, 152.706910622137, 153.03668887278837, 154.2634015190454, 158.8200720890636, 176.0143465384816, 236.77718109190306, 325.2047675133561], "index": [0, 1, 2, 3, 4, 5, 6, 7], "n": 190, "logPDF": [-87.28294381206496, -87.38570047433683, -86.48684732003736, -85.78838233325723, -86.75489629977217, -94.16716156511274, -124.03563060926106, -168.16231517254425]}}