{"grid/tracks/track0383": {"chi2": [46.0386609255987, 45.433893420664255, 44.839373530985576, 44.25426750324071, 43.7546422270284, 43.19012854523721, 42.63174808718777, 42.08409839340644, 41.547093166545864, 41.015153815157056, 40.49330293994453, 39.983637047143965, 39.48627852632802, 39.00176574620195, 38.52912268463173, 38.069369592068234, 37.62320751424109, 37.190015172564095, 36.77033390853263, 36.420094669781015], "index": [88, 89, 90, 91, 92, 93, 94, 95, 96, 97, 98, 99, 100, 101, 102, 103, 104, 105, 106, 107], "n": 108, "logPDF": [-26.360968656319223, -26.058584903852, -25.76132495901266, -25.46877194514023, -25.218959307034073, -24.936702466138478, -24.65751223711376, -24.383687390223095, -24.115184776792805, -23.8492151010984, -23.588289663492137, -23.333456717091856, -23.084777456683884, -22.842521066620847, -22.60619953583574, -22.37632298955399, -22.153241950640417, -21.93664577980192, -21.809220532724265, -21.63410091334846]}, "grid/tracks/track0543": {"chi2": [45.09493203041042, 41.11959457834254, 39.69144917353435, 39.038141926112786, 38.64470895384692, 38.37082284156133, 38.16446953386752, 38.00462303041804, 37.87539188401883, 37.77129669125687, 37.68963411675702, 37.625837804201595, 37.57944603782991, 37.548694328498904, 37.53283376376923, 37.530940200430535, 37.5428327001009, 37.569513094105496, 37.60803491864424, 37.66068761197051, 37.72686290623631, 37.806829239784875, 37.893628680889115, 37.99910102300397, 38.118003068953755, 38.25115408248543], "index": [5, 6, 7, 8, 9, 10, 11, 12, 13, 14, 15, 16, 17, 18, 19, 20, 21, 22, 23, 24, 25, 26, 27, 28, 29, 30], "n": 114, "logPDF": [-26.65780647142759, -24.217353477859106, -23.44844629900596, -23.121792675295175, -22.925076188342572, -22.788133132199775, -22.68495647917254, -22.605033227447805, -22.540417654248202, -22.488370057867222, -22.447538770617292, -22.41564061433958, -22.392444731153738, -22.377068876488238, -22.3691385941234, -22.36819181245405, -22.374138062289234, -22.387478259291534, -22.406739171560908, -22.43306551822404, -22.466153165356943, -22.50613633213122, -22.549536052683344, -22.60227222374077, -22.66172324671566, -22.728298753481496]}, "grid/tracks/track0767": {"chi2": [28.594685102986876, 25.302668328463824, 24.17490040649003, 23.672635988574125, 23.387665596688414, 23.20608318359695, 23.081800054192442, 23.001741675156758, 22.95131317348638, 22.91298647928928, 22.907558894000697, 22.919473646391793, 22.94859147678162, 22.993964352412195, 23.053942344817735, 23.129050832551073, 23.218365351047865, 23.32129739305527, 23.43807184878507, 23.56910749784601, 23.714053382661852, 23.872956516792225, 24.046363461761313, 24.232806807114212, 24.433752161885216, 24.648684080120127], "index": [5, 6, 7, 8, 9, 10, 11, 12, 13, 14, 15, 16, 17, 18, 19, 20, 21, 22, 23, 24, 25, 26, 27, 28, 29, 30], "n": 106, "logPDF": [-18.428324838580007, -16.38197125466275, -15.78760259578306, -15.536470386825108, -15.39398519037464, -15.303193983828907, -15.241052419634268, -15.201023230116427, -15.175808979281236, -15.156645632182688, -15.153931839538394, -15.159889215733944, -15.174448130928855, -15.197134568744143, -15.227123564946915, -15.264677808813584, -15.30933506806198, -15.360801089065681, -15.419188316930583, -15.48470614146105, -15.557179083868974, -15.636630650934158, -15.723334123418702, -15.816555796095152, -15.917028473480656, -16.02449443259811]}, "grid/tracks/track1983": {"chi2": [39.875600470592445, 35.28321031760025, 34.11075634819432, 33.159629953006295, 32.83303924759479, 32.57147572982519, 32.31151779036291, 32.05073013965464, 31.790310858989486, 31.531547113115632, 31.276576147386088, 31.026461496132274, 30.781125719197664, 30.54373372883209, 30.313118652266724, 30.090420698492412, 29.87649104887207, 29.669781093029208, 29.472004646765193, 29.28355268344466, 29.103299926421666, 28.933699751946666, 28.772680261061325, 28.621307941658497, 28.479800296813504, 28.34820434153089, 28.226612555736565, 28.11542347344624, 28.015127435555158, 27.9228030106118, 27.842890668735247, 27.773969938999006, 27.715851608959188, 27.669275029785442, 27.63370403577596, 27.609998526464675, 27.59756602739098, 27.597531661679714, 27.608863166297706, 27.633314374576084, 27.66918064319641, 27.717726304036848, 27.778480249613068, 27.852690772056338, 27.939325116250764, 28.039407889081083, 28.152848724166635, 28.385822818088037, 28.53166213022797, 28.69202984852574, 28.865587757935373, 29.053676129443133, 29.251526216301507, 29.468683380371246, 29.70075540011166, 29.948118748431924], "index": [3, 4, 5, 6, 7, 8, 9, 10, 11, 12, 13, 14, 15, 16, 17, 18, 19, 20, 21, 22, 23, 24, 25, 26, 27, 28, 29, 30, 31, 32, 33, 34, 35, 36, 37, 38, 39, 40, 41, 42, 43, 44, 45, 46, 47, 48, 49, 50, 51, 52, 53, 54, 55, 56, 57, 58], "n": 110, "logPDF": [-26.07571190813476, -22.467695510707728, -20.88651226860516, -20.042765912590614, -19.86049632670884, -19.72971456782404, -19.5997355975638, -19.469341772209663, -19.339132132406185, -19.20975025946926, -19.08226477660449, -18.95720745097758, -18.834539562510276, -18.71584356732749, -18.600536029044804, -18.48918705215765, -18.382222227347476, -18.27886724942605, -18.179979026294042, -18.085753044633776, -17.995626666122277, -17.910826578884777, -17.830316833442104, -17.754630673740692, -17.683876851318196, -17.61807887367689, -17.557282980779725, -17.501688439634563, -17.45154042068902, -17.405378208217343, -17.365422037279068, -17.330961672410947, -17.301902507391038, -17.278614217804165, -17.260828720799424, -17.24897596614378, -17.242759716606933, -17.2427425337513, -17.248408286060297, -17.260633890199486, -17.27856702450965, -17.302839854929868, -17.333216827717976, -17.370322088939613, -17.413639261036828, -17.463680647451987, -17.52040106499476, -17.636888111955464, -17.709807768025428, -17.789991627174313, -17.87677058187913, -17.97081476763301, -18.0697398110622, -18.17831840367908, -18.294354413549286, -18.418036077127404]}, "grid/tracks/track3327": {"chi2": [39.659427644828114, 39.021999054764635, 38.393479493320555, 37.77284450361265, 37.16132850144758, 36.55814557727614, 35.964209711245445, 35.37879348070058, 34.80302406427128, 34.24014058729158, 33.68334311213297, 33.1355336469338, 32.597969577239766, 32.0701780632744, 31.552798487785527, 31.045208308869995, 30.548128884631996, 30.061687574050218, 29.586173684636147, 29.121821323377272, 28.667911586478446, 28.22568527396101, 27.79483437790785, 27.376026151764144, 26.968688578854838], "index": [80, 81, 82, 83, 84, 85, 86, 87, 88, 89, 90, 91, 92, 93, 94, 95, 96, 97, 98, 99, 100, 101, 102, 103, 104], "n": 105, "logPDF": [-23.79923975869732, -23.48052546366558, -23.16626568294354, -22.855948188089588, -22.55019018700705, -22.248598724921333, -21.951630791905984, -21.65892267663355, -21.3710379684189, -21.08959622992905, -20.811197492349745, -20.537292759750162, -20.268510724903145, -20.00461496792046, -19.745925180176023, -19.49213009071826, -19.243590378599258, -19.00036972330837, -18.762612778601333, -18.530436597971896, -18.303481729522485, -18.082368573263764, -17.866943125237185, -17.657539012165334, -17.45387022571068]}, "grid/tracks/track3999": {"chi2": [41.047065457428545, 40.710394620958056, 40.34360819171367, 39.987397337202275, 39.640294512291966, 39.30378013481698, 38.97680707989561, 38.660306346438674, 38.35463910786898, 38.06131811514159, 37.779426281900335, 37.50985913890656, 37.25195601207658, 37.00621720165786, 36.77308602222848, 36.552761240459404, 36.345130039812716, 36.1507947409346, 35.96989667313702, 35.802223498296506, 35.64876070821988, 35.508769267193124, 35.38298138826567, 35.27001695082815, 35.17296425567349, 35.091002241441075, 35.02416953186773, 34.97324363066691, 34.9250605144928, 34.90617286649578, 34.90121406057225, 34.91400643984711, 34.94488106796253, 34.994842311654985, 35.06994259566568, 35.16522492100839, 35.282618777204796, 35.42332101961931, 35.59165940320074, 35.796621115505786, 36.02894200378599, 36.2858607131397],