{"grid/tracks/track0531": {"chi2": [42409.51232859808, 42408.32174412476, 42409.11168863001], "index": [0, 1, 2], "n": 318, "logPDF": [-21213.794187890875, -21213.198895654215, -21212.28204658363]}, "grid/tracks/track1649": {"chi2": [38611.728778829, 39301.56071891344, 39396.30374291518, 39491.635457580305, 39587.6176971517, 39684.28113344483, 39781.693290821, 39880.711303407734, 39980.02715629664, 40079.90040699285, 40180.36283589888, 40281.41756491331], "index": [5, 12, 13, 14, 15, 16, 17, 18, 19, 20, 21, 22], "n": 541, "logPDF": [-19311.126349703896, -19656.013239425665, -19703.384751426536, -19751.0506087591, -19799.041728544795, -19847.37344669136, -19896.079525379446, -19945.588531672813, -19995.246458117264, -20045.18308346537, -20095.414297918385, -20145.9416624256]}, "grid/tracks/track1889": {"chi2": [40720.82984371152, 40817.8791845542, 40915.32367628933, 41013.59371905347, 41112.64440248842, 41212.19742786884, 41312.17661876291, 41412.7517148426, 41514.735934410826, 41616.82061186745, 41719.357441038606, 41822.964178790295], "index": [98, 99, 100, 101, 102, 103, 104, 105, 106, 107, 108, 109], "n": 512, "logPDF": [-20365.919954958732, -20414.44462538007, -20463.166871247635, -20512.301892629705, -20561.82723434718, -20611.603747037392, -20661.593342484426, -20711.88089052427, -20762.873000308384, -20813.915339036696, -20865.183753622274, -20916.987122498118]}, "grid/tracks/track1965": {"chi2": [42775.02242926202], "index": [842], "n": 844, "logPDF": [-21393.592416862295]}, "grid/tracks/track1995": {"chi2": [33537.23942579883, 33538.30445401211, 33546.079987568715, 37330.538636247446, 37442.4822608221, 37556.2844789632, 37670.365067330786, 37785.12325614232, 37900.61832948374, 38017.65907016478, 38135.57461997762, 38254.05055223759], "index": [0, 1, 2, 37, 38, 39, 40, 41, 42, 43, 44, 45], "n": 438, "logPDF": [-16778.16890940932, -16778.701423515962, -16781.277368972, -18670.64826394751, -18726.620076234838, -18783.521185305388, -18840.56147948918, -18897.940573894946, -18955.688110565658, -19014.208480906178, -19073.166255812597, -19132.404221942583]}, "grid/tracks/track2193": {"chi2": [40523.42699521524, 40602.76592786419, 40683.05471271899, 40763.81763546219, 40844.87549361354, 40926.32398099372, 41008.472329772034, 41091.278961168464, 41174.509095774185, 41258.09622921988, 41342.09239851184, 41426.876313494184, 41512.39472161099], "index": [108, 109, 110, 111, 112, 113, 114, 115, 116, 117, 118, 119, 120], "n": 581, "logPDF": [-20267.282279550192, -20306.951745874667, -20347.09613830207, -20387.477599673668, -20428.00652874934, -20468.730772439434, -20509.80494682859, -20551.208262526805, -20592.823329829665, -20634.616896552514, -20676.614981198494, -20719.006938689665, -20761.766142748067]}, "grid/tracks/track2805": {"chi2": [43065.698612833876], "index": [745], "n": 747, "logPDF": [-21539.113625184207]}, "grid/tracks/track3315": {"chi2": [29024.349571081882, 29535.060035513725, 29699.34931463578, 29866.242242717555, 30035.905896809054, 30207.723512286568, 30381.825826821787], "index": [5, 8, 9, 10, 11, 12, 13], "n": 287, "logPDF": [-14517.399549579604, -14772.643423649131, -14854.788063210159, -14938.234527251047, -15023.066354296796, -15108.975162035553, -15196.026319303162]}, "grid/tracks/track3675": {"chi2": [31865.3058717411, 31980.11511377273, 32096.251012375717, 32213.64837300695, 32332.018685176372, 32451.25775747054, 32572.015990951164, 32693.733931433315, 32816.189260952], "index": [18, 19, 20, 21, 22, 23, 24, 25, 26], "n": 423, "logPDF": [-15938.199127046015, -15995.603748061829, -16053.671697363323, -16112.370377678939, -16171.55553376365, -16231.175069913885, -16291.554186654197, -16352.413156892122, -16413.640821651465]}, "grid/tracks/track4641": {"chi2": [34639.2066809026, 34732.07217202314, 34826.22742463559], "index": [7, 8, 9], "n": 518, "logPDF": [-17324.78114581166, -17371.21389137193, -17418.291517678153]}, "grid/tracks/track5185": {"chi2": [30929.2866096314, 31508.100236318664, 31601.2483532943, 31695.220322315003, 31790.08872778247, 31885.87222050649, 31982.562225104848, 32080.43945818285, 32179.51474930223, 32279.230906235272], "index": [5, 11, 12, 13, 14, 15, 16, 17, 18, 19], "n": 496, "logPDF": [-15469.831396898797, -15759.205775357092, -15805.77983384491, -15852.765818355261, -15900.200021088995, -15948.091767451006, -15996.436769750184, -16045.375386289184, -16094.913031848875, -16144.771110315396]}}