{"grid/tracks/track1354": {"chi2": [181.8523728813452, 181.85223282968096, 181.85080944318202, 181.8552389307954, 181.86586869281942], "index": [0, 1, 2, 3, 4], "n": 181, "logPDF": [-104.47406642121493, -104.47399639538281, -103.40954247911723, -102.09798068815434, -100.78692691672308]}, "grid/tracks/track1850": {"chi2": [177.41052058093476, 177.4109377439205, 177.41028277842167, 177.41739802624082, 177.45012464644657, 177.67994447371223], "index": [0, 1, 2, 3, 4, 5], "n": 176, "logPDF": [-102.38680525990443, -102.3870138413973, -101.3229441398584, -100.01284936583849, -98.71252477294954, -97.63651262294218]}, "grid/tracks/track2826": {"chi2": [176.55930647451564, 176.55699722325346, 176.55641271802818, 176.54206965753298, 176.50868725345578, 176.49574237235663, 176.41791615709255, 176.42491664737383, 176.54021722647366], "index": [0, 1, 2, 3, 4, 5, 6, 7, 8], "n": 190, "logPDF": [-102.22971316522938, -102.22855853959828, -101.16397010436225, -99.84387036417309, -98.51094250213461, -97.31465404015833, -96.74272008392595, -96.6352298749127, -96.67058060600536]}, "grid/tracks/track5146": {"chi2": [178.70550793627933, 178.70645779044878, 178.7112052108123, 178.71722865647249, 178.7604347526272], "index": [0, 1, 2, 3, 4], "n": 178, "logPDF": [-103.29879335849117, -103.29926828557589, -102.23726297975833, -100.92718100503842, -99.63188937436169]}, "grid/tracks/track5834": {"chi2": [177.05221657068415, 177.05053403442014, 177.05089849977475, 177.03998349312846, 177.0196184097558, 177.0692060910633], "index": [0, 1, 2, 3, 4, 5], "n": 190, "logPDF": [-101.9232258274852, -101.92238455935319, -100.85828785007527, -99.53993657543067, -98.21365433446114, -97.04825385273679]}}